"","total_AIC_c1","total_AIC_c2","characteristic"
"1",242.523761744175,241.536414162012,"height"
"2",9.18017006570252,9.18533457851351,"ratio"
"3",174.547328408623,104.162300002038,"diameter"
