"","total_weighted","total_not_weighted","characteristic"
"1",258.359620960588,266.616129260178,"height"
"2",9.67222453099129,10.5403361054974,"ratio"
"3",110.540016163626,111.530198685777,"diameter"
